City,Lat,Lng,Max Temp,Humidity,Cloudiness,Wind Speed,Country,Date
Camalú,30.85,-116.0667,13.33,56,21,4.92,MX,1614826703
Busselton,-33.65,115.3333,25.36,67,44,4.14,AU,1614826616
Hobart,-42.8794,147.3294,22.0,24,20,11.32,AU,1614826473
Rikitea,-23.1203,-134.9692,27.02,78,74,3.15,PF,1614826612
Ambilobe,-13.2,49.05,23.21,94,42,0.53,MG,1614826703
Najrān,17.4924,44.1277,17.0,29,0,2.06,SA,1614826704
Souillac,-20.5167,57.5167,24.0,88,75,3.6,MU,1614826409
Constitución,-35.3333,-72.4167,17.59,67,0,3.85,CL,1614826704
Barrow,71.2906,-156.7887,-28.0,69,40,3.09,US,1614826429
Port-Gentil,-0.7193,8.7815,27.62,83,100,6.58,GA,1614826704
Tuatapere,-46.1333,167.6833,17.78,53,93,1.79,NZ,1614826472
Dikson,73.5069,80.5464,-32.1,80,36,5.44,RU,1614826705
Butaritari,3.0707,172.7902,27.49,82,27,7.92,KI,1614826617
Haines Junction,60.7522,-137.5108,-7.0,58,100,3.09,CA,1614826705
Broome,42.2506,-75.833,2.0,69,90,4.12,US,1614826705
Nikolskoye,59.7035,30.7861,-2.0,86,0,6.0,RU,1614826352
Tombouctou,20.0,-3.0,21.57,19,98,4.91,ML,1614826454
North Bend,43.4065,-124.2243,8.33,76,90,1.54,US,1614826706
Gigmoto,13.7796,124.39,27.87,69,60,5.64,PH,1614826706
Payson,40.0444,-111.7321,13.0,16,1,9.26,US,1614826706
Port Alfred,-33.5906,26.891,20.56,93,82,0.45,ZA,1614826365
Yangi Marg`ilon,40.4272,71.7189,2.0,87,72,2.06,UZ,1614826706
Carnarvon,-24.8667,113.6333,27.0,69,40,3.6,AU,1614826706
Puerto Ayora,-0.7393,-90.3518,25.56,94,64,1.46,EC,1614826478
Mataura,-46.1927,168.8643,17.78,53,65,1.79,NZ,1614826317
Jamestown,42.097,-79.2353,1.67,98,90,3.89,US,1614826411
Puerto Ayacucho,5.6639,-67.6236,26.61,62,77,0.67,VE,1614826452
Antalaha,-14.9003,50.2788,23.67,86,41,1.9,MG,1614826707
Nanortalik,60.1432,-45.2371,2.32,75,100,10.04,GL,1614826610
Kaitangata,-46.2817,169.8464,15.0,68,35,2.68,NZ,1614826619
Saint Paul Harbor,57.79,-152.4072,2.0,55,1,8.75,US,1614826611
Benguela,-12.5763,13.4055,23.8,80,100,0.43,AO,1614826708
Asău,46.4333,26.4,-1.0,100,0,0.51,RO,1614826708
Necochea,-38.5473,-58.7368,22.78,85,23,3.58,AR,1614826527
Balakhta,55.38,91.6,-11.93,92,97,1.5,RU,1614826708
Saldanha,-33.0117,17.9442,18.0,88,4,3.6,ZA,1614826619
Pangani,-5.4333,38.9667,24.72,81,98,5.51,TZ,1614826708
Labuhan,-6.8844,112.2051,28.94,70,100,2.31,ID,1614826614
Thompson,55.7435,-97.8558,-10.0,79,20,2.06,CA,1614826613
Pandan,14.0453,124.1694,27.91,68,47,5.82,PH,1614826709
Ushuaia,-54.8,-68.3,10.0,66,0,1.54,AR,1614826610
Vao,-22.6667,167.4833,26.19,84,99,3.51,NC,1614826709
Hofn,64.2539,-15.2082,1.1,77,62,3.46,IS,1614826709
Wanxian,30.8039,108.3897,15.58,53,11,2.27,CN,1614826710
Longyearbyen,78.2186,15.6401,-14.0,66,40,4.12,SJ,1614826589
Hermanus,-34.4187,19.2345,18.89,93,100,4.26,ZA,1614826450
Bluff,-46.6,168.3333,17.78,53,29,1.79,NZ,1614826614
Lüderitz,-26.6481,15.1594,19.79,62,0,5.65,NA,1614826710
Bengkulu,-3.8004,102.2655,29.56,62,92,1.7,ID,1614826672
Kortkeros,61.8106,51.5806,-8.0,93,75,3.0,RU,1614826710
Punta Arenas,-53.15,-70.9167,10.0,71,0,5.66,CL,1614826507
Mahébourg,-20.4081,57.7,24.0,88,75,3.6,MU,1614826711
Aklavik,68.2191,-135.0107,-29.0,76,100,1.54,CA,1614826711
Castro,-24.7911,-50.0119,17.31,94,100,1.66,BR,1614826711
Hithadhoo,-0.6,73.0833,28.27,60,8,3.57,MV,1614826621
New Norfolk,-42.7826,147.0587,20.0,41,55,2.68,AU,1614826711
Lebu,-37.6167,-73.65,16.03,84,0,6.97,CL,1614826711
Hilo,19.7297,-155.09,26.0,38,1,4.12,US,1614826711
Medininagar,24.0333,84.0667,25.34,16,0,2.03,IN,1614826452
Kavieng,-2.5744,150.7967,28.52,74,39,5.01,PG,1614826673
Ozernovskiy,51.5,156.5167,-5.67,81,100,13.98,RU,1614826712
Yellowknife,62.456,-114.3525,-22.0,71,20,4.63,CA,1614826694
Doha,25.2867,51.5333,20.0,77,0,4.12,QA,1614826522
Bethel,41.3712,-73.414,6.0,49,90,1.54,US,1614826342
Glace Bay,46.1969,-59.957,-2.22,63,90,8.23,CA,1614826712
Faanui,-16.4833,-151.75,28.25,73,100,3.49,PF,1614826712
Jinchang,38.4953,102.1739,7.68,41,33,4.45,CN,1614826586
Cape Town,-33.9258,18.4232,20.0,94,75,5.66,ZA,1614826582
Norman Wells,65.282,-126.8329,-24.0,70,20,1.79,CA,1614826615
Pangkalanbuun,-2.6833,111.6167,31.24,64,56,0.66,ID,1614826469
Albany,42.6001,-73.9662,3.0,70,90,3.09,US,1614826345
Hurghada,27.2574,33.8129,14.0,41,0,6.17,EG,1614826713
Provideniya,64.3833,-173.3,-19.0,71,0,5.0,RU,1614826448
Bambous Virieux,-20.3428,57.7575,24.44,88,75,3.6,MU,1614826713
Ponta do Sol,32.6667,-17.1,15.0,71,60,0.89,PT,1614826714
Arraial do Cabo,-22.9661,-42.0278,25.0,83,5,5.66,BR,1614826667
Maniitsoq,65.4167,-52.9,0.79,83,68,2.45,GL,1614826714
Beshpagir,45.0217,42.3808,-2.0,93,75,6.0,RU,1614826714
Mount Isa,-20.7333,139.5,36.0,15,85,7.72,AU,1614826490
Cabo San Lucas,22.8909,-109.9124,23.0,46,75,2.06,MX,1614826715
Chokurdakh,70.6333,147.9167,-28.3,88,100,6.48,RU,1614826715
Monrovia,6.3005,-10.7969,25.0,94,40,3.82,LR,1614826715
Saskylakh,71.9167,114.0833,-38.01,80,44,0.67,RU,1614826715
Tasiilaq,65.6145,-37.6368,-1.0,64,90,7.72,GL,1614826715
Mar del Plata,-38.0023,-57.5575,21.11,94,20,3.6,AR,1614826589
Atuona,-9.8,-139.0333,26.85,69,52,3.58,PF,1614826613
Boyuibe,-20.4167,-63.2833,23.58,67,100,1.24,BO,1614826716
Bredasdorp,-34.5322,20.0403,20.0,88,48,1.03,ZA,1614826716
The Valley,18.217,-63.0578,25.0,78,40,4.12,AI,1614826716
Lavrentiya,65.5833,-171.0,-25.38,87,100,1.0,RU,1614826717
Coquimbo,-29.9533,-71.3436,17.0,88,90,2.06,CL,1614826618
Saint Anthony,45.0205,-93.218,5.0,52,90,2.06,US,1614826717
Qaanaaq,77.484,-69.3632,-30.68,75,70,3.99,GL,1614826717
Mount Gambier,-37.8333,140.7667,18.0,68,90,5.14,AU,1614826498
Liku,-0.7275,119.8922,27.07,72,100,1.72,ID,1614826717
Fortuna,40.5982,-124.1573,7.78,83,50,0.7,US,1614826718
Hobyo,5.3505,48.5268,25.48,80,0,7.45,SO,1614826718
Vanimo,-2.6741,141.3028,27.72,82,76,3.74,PG,1614826718
Ust-Kuyga,70.0167,135.6,-24.23,85,100,4.88,RU,1614826718
Tuktoyaktuk,69.4541,-133.0374,-31.0,76,75,1.54,CA,1614826610
Peleduy,59.6289,112.7406,-28.74,87,59,1.97,RU,1614826719
Kapaa,22.0752,-159.319,23.0,68,40,8.75,US,1614826690
Abu Dhabi,24.4667,54.3667,20.0,100,90,1.03,AE,1614826719
Saint-Philippe,-21.3585,55.7679,26.0,65,0,1.54,RE,1614826360
Karratha,-20.7377,116.8463,29.16,55,33,2.54,AU,1614826719
Mackay,-21.15,149.2,27.78,78,75,10.29,AU,1614826720
George Town,5.4112,100.3354,30.0,74,20,1.54,MY,1614826654
Cherskiy,68.75,161.3,-17.94,97,100,3.45,RU,1614826618
Sitka,57.0531,-135.33,4.0,81,20,2.06,US,1614826720
Korla,41.7597,86.1469,5.6,61,100,3.12,CN,1614826461
Beringovskiy,63.05,179.3167,-5.01,97,100,20.66,RU,1614826720
Prince Rupert,54.3161,-130.3201,4.0,87,90,5.66,CA,1614826429
Marzuq,14.4,46.4667,13.65,52,0,1.68,YE,1614826721
Moratuwa,6.773,79.8816,25.0,83,1,1.54,LK,1614826721
‘Āhuimanu,21.4447,-157.8378,24.0,64,20,6.17,US,1614826721
Egvekinot,66.3167,-179.1667,-20.12,93,100,4.47,RU,1614826721
Caniço,32.6333,-16.85,15.0,67,20,1.03,PT,1614826721
Loukhi,66.0764,33.0381,-9.85,95,22,3.26,RU,1614826721
Avarua,-21.2078,-159.775,29.0,74,100,1.54,CK,1614826398
Corinth,37.9407,22.9573,8.89,49,0,0.88,GR,1614826509
Mórrope,-6.5417,-80.0111,23.33,85,100,1.79,PE,1614826722
Cidreira,-30.1811,-50.2056,23.73,88,100,1.13,BR,1614826722
Erenhot,43.6475,111.9767,2.42,74,66,3.88,CN,1614826722
Vaini,-21.2,-175.2,29.0,74,75,5.66,TO,1614826396
Buraidah,26.326,43.975,17.0,55,0,4.12,SA,1614826723
Atar,20.5169,-13.0499,19.74,15,100,4.27,MR,1614826723
São Félix do Xingu,-6.6447,-51.995,21.28,96,98,0.34,BR,1614826573
Hamilton,39.1834,-84.5333,8.33,57,1,1.54,US,1614826531
Punta Umbría,37.1821,-6.9661,11.11,69,100,0.89,ES,1614826723
Dingle,10.9995,122.6711,28.72,73,93,6.59,PH,1614826723
Hervey Bay,-25.2986,152.8535,27.78,59,10,4.92,AU,1614826724
Kalmunai,7.4167,81.8167,26.71,65,40,1.42,LK,1614826487
Pemangkat,1.1667,108.9667,29.66,67,27,2.09,ID,1614826724
Priupskiy,53.9096,37.736,-1.97,88,95,8.02,RU,1614826724
Lagoa,39.05,-27.9833,15.81,94,100,10.11,PT,1614826724
Wexford,52.3342,-6.4575,4.44,85,3,1.34,IE,1614826724
Geraldton,-28.7667,114.6,26.0,69,90,7.2,AU,1614826617
Talnakh,69.4865,88.3972,-29.6,73,50,4.44,RU,1614826725
Upernavik,72.7868,-56.1549,-18.79,91,100,7.31,GL,1614826725
Tahe,52.3333,124.7333,-16.87,90,100,2.58,CN,1614826725
Mehamn,71.0357,27.8492,-2.6,91,100,7.66,NO,1614826726
Tiksi,71.6872,128.8694,-24.83,89,100,4.72,RU,1614826459
Chernyshevskiy,63.0128,112.4714,-33.61,85,0,2.8,RU,1614826609
Rio Claro,-22.4114,-47.5614,20.03,89,91,0.68,BR,1614826726
San Fernando del Valle de Catamarca,-28.4696,-65.7852,21.67,96,1,0.45,AR,1614826726
Pascagoula,30.3658,-88.5561,9.0,93,1,3.06,US,1614826464
Auki,-8.7676,160.7034,27.46,82,90,4.43,SB,1614826727
Amahai,-3.3333,128.9167,30.24,64,100,1.12,ID,1614826727
Ranong,9.9658,98.6348,29.0,70,40,2.57,TH,1614826727
Lānja,16.85,73.55,27.94,20,10,2.02,IN,1614826727
Vuktyl,63.8567,57.3094,-15.12,95,98,2.4,RU,1614826728
East London,-33.0153,27.9116,21.96,83,68,3.5,ZA,1614826620
Bjørnevatn,69.6672,29.9847,-4.0,93,75,5.14,NO,1614826728
Moree,-29.4667,149.85,28.0,39,40,2.06,AU,1614826728
Hambantota,6.1241,81.1185,23.0,94,1,1.54,LK,1614826728
Abonnema,4.7084,6.7931,27.0,89,40,2.0,NG,1614826728
Ilulissat,69.2167,-51.1,-3.0,80,97,5.14,GL,1614826728
Yerofey Pavlovich,53.9667,121.9667,-19.08,81,100,4.27,RU,1614826729
Muravlenko,63.7898,74.523,-14.43,95,96,6.24,RU,1614826729
Oroquieta,8.4858,123.8044,28.48,62,33,2.81,PH,1614826729
Torbay,47.6666,-52.7314,-4.44,86,90,7.2,CA,1614826477
Alofi,-19.0595,-169.9187,29.0,79,40,4.12,NU,1614826729
Qingdao,36.0986,120.3719,10.56,66,40,4.0,CN,1614826730
Kota Belud,6.351,116.4305,30.0,79,20,2.06,MY,1614826730
Hasaki,35.7333,140.8333,13.33,58,75,3.09,JP,1614826730
Laguna,38.421,-121.4238,14.0,54,1,5.14,US,1614826620
Takoradze,4.8845,-1.7554,26.24,89,10,4.23,GH,1614826730
Yulara,-25.2406,130.9889,36.0,14,18,7.72,AU,1614826731
Ancud,-41.8697,-73.8203,13.33,76,0,1.54,CL,1614826523
Banda Aceh,5.5577,95.3222,29.22,70,5,5.47,ID,1614826731
Sinnamary,5.3833,-52.95,25.08,87,95,5.0,GF,1614826731
Hong Kong,22.2855,114.1577,19.44,85,89,1.34,HK,1614826385
Chui,-33.6971,-53.4616,22.26,91,83,4.8,UY,1614826732
Port Elizabeth,-33.918,25.5701,20.0,88,75,4.12,ZA,1614826732
Quatre Cocos,-20.2078,57.7625,24.44,88,75,3.6,MU,1614826732
Hirara,24.8,125.2833,24.0,64,40,6.17,JP,1614826732
San Patricio,28.017,-97.5169,15.0,72,1,4.12,US,1614826612
Juradó,7.1053,-77.7641,24.2,89,3,1.39,CO,1614826733
Khatanga,71.9667,102.5,-36.58,79,0,3.26,RU,1614826733
Forsytheganj,52.6333,29.7333,-0.51,97,0,5.06,BY,1614826733
Kahului,20.8947,-156.47,24.0,60,40,9.77,US,1614826734
Poso,-1.3959,120.7524,27.74,72,100,0.81,ID,1614826734
Baruun-Urt,46.6806,113.2792,-8.66,92,95,4.31,MN,1614826734
Guerrero Negro,27.9769,-114.0611,15.85,70,0,5.68,MX,1614826734
Lompoc,34.6391,-120.4579,12.0,66,90,1.8,US,1614826734
Madang,-5.2246,145.7966,31.7,55,78,2.21,PG,1614826734
Taoudenni,22.6783,-3.9836,20.44,21,100,4.13,ML,1614826735
Kruisfontein,-34.0033,24.7314,16.67,93,0,1.38,ZA,1614826735
Volokolamsk,56.0336,35.9694,0.71,95,100,7.21,RU,1614826735
Nantucket,41.2835,-70.0995,3.0,81,1,5.14,US,1614826522
Maués,-3.3836,-57.7186,22.78,97,100,1.82,BR,1614826735
Severo-Kuril'sk,50.6789,156.125,-4.31,94,96,14.11,RU,1614826736
Bambanglipuro,-7.95,110.2833,29.5,67,100,1.76,ID,1614826736
Airai,-8.9266,125.4092,22.24,72,26,0.86,TL,1614826736
Eatonton,33.3268,-83.3885,12.0,54,1,1.76,US,1614826608
Hvolsvollur,63.7533,-20.2243,0.56,97,79,1.34,IS,1614826736
Ribeira Grande,38.5167,-28.7,16.59,91,100,8.27,PT,1614826737
Kumluca,36.3703,30.2869,11.52,41,0,3.13,TR,1614826737
Alta Floresta,-9.8756,-56.0861,21.07,96,100,0.66,BR,1614826737
Hailar,49.2,119.7,-10.04,84,100,6.06,CN,1614826737
Zemio,5.0314,25.1361,27.43,16,77,2.94,CF,1614826737
Port-Cartier,50.0334,-66.8654,-11.67,56,75,5.14,CA,1614826737
Mayor Pablo Lagerenza,-19.9309,-60.7718,26.98,65,57,1.65,PY,1614826738
Reconquista,-29.15,-59.65,25.18,64,93,2.03,AR,1614826738
Sète,43.4018,3.6966,10.0,100,75,2.06,FR,1614826738
San Ramon,37.7799,-121.978,11.11,83,39,2.49,US,1614826629
Dubuque,42.4833,-90.8668,2.0,80,1,2.41,US,1614826739
Baní,18.2833,-70.3333,21.34,77,0,1.49,DO,1614826739
São Filipe,14.8961,-24.4956,21.59,75,53,3.35,CV,1614826739
Portland,45.5234,-122.6762,11.11,73,0,1.06,US,1614826739
Felanitx,39.4696,3.1483,12.0,94,40,3.73,ES,1614826739
Mizdah,31.4451,12.9801,7.97,81,8,7.22,LY,1614826740
Port Blair,11.6667,92.75,27.0,83,40,1.03,IN,1614826740
Abhā,18.2164,42.5053,13.0,76,0,3.09,SA,1614826740
Nishihara,26.1842,127.7558,22.0,49,75,6.69,JP,1614826740
Greenville,35.6127,-77.3663,7.0,93,1,1.98,US,1614826741
Cayenne,4.9333,-52.3333,26.11,89,75,4.86,GF,1614826741
Chapais,49.7834,-74.8492,-19.0,65,1,4.12,CA,1614826741
Vila Velha,-20.3297,-40.2925,24.0,88,20,1.54,BR,1614826742
Fareydūnshahr,32.941,50.121,-3.89,66,0,1.93,IR,1614826742
Deputatsky,69.3,139.9,-32.22,95,100,2.69,RU,1614826742
Muros,42.7762,-9.0603,10.0,92,100,0.45,ES,1614826742
Nome,64.5011,-165.4064,-18.0,65,1,4.12,US,1614826742
Serebryansk,49.6925,83.2892,-18.0,85,75,1.0,KZ,1614826742
Tazovsky,67.4667,78.7,-17.87,94,100,9.56,RU,1614826742
Pevek,69.7008,170.3133,-13.7,87,100,3.98,RU,1614826743
Bathsheba,13.2167,-59.5167,26.0,69,40,9.26,BB,1614826615
Marawi,7.9986,124.2928,27.22,81,17,3.13,PH,1614826743
Mitú,1.1983,-70.1733,22.86,89,78,1.18,CO,1614826701
Luján,-34.5703,-59.105,25.0,90,53,0.45,AR,1614826698
Xining,36.6167,101.7667,2.88,56,100,0.7,CN,1614826743
Faya,18.3851,42.4509,13.0,76,0,3.09,SA,1614826540
Laas,46.6166,10.7002,3.89,74,0,3.09,IT,1614826743
Zhigansk,66.7697,123.3711,-34.22,82,100,4.89,RU,1614826744
Umeå,63.8284,20.2597,-6.0,79,3,3.09,SE,1614826744
Mossamedes,-15.1961,12.1522,22.82,84,43,0.9,AO,1614826447
Erzincan Province,39.75,39.5,-2.0,64,20,1.03,TR,1614826744
Cabedelo,-6.9811,-34.8339,24.0,100,20,2.06,BR,1614826683
Samarai,-10.6167,150.6667,29.41,71,100,3.29,PG,1614826744
Kampot,10.6167,104.1833,30.0,65,20,6.69,KH,1614826744
Lugovoy,42.9472,72.7644,1.76,84,62,3.91,KZ,1614826745
Yar-Sale,66.8333,70.8333,-14.83,95,99,3.98,RU,1614826455
Copiapó,-27.3667,-70.3333,18.0,77,0,2.57,CL,1614826008
Adelaide,-34.9333,138.6,25.0,40,0,5.14,AU,1614826696
Ushtobe,45.2514,77.9838,-1.06,94,90,3.5,KZ,1614826745
Monteagudo,-19.8167,-63.9833,19.59,96,100,1.49,BO,1614826745
Adrar,20.5022,-10.0711,19.04,23,98,3.84,MR,1614826745
Grand Gaube,-20.0064,57.6608,24.44,84,25,0.89,MU,1614826509
Dhārūr,18.8167,76.1167,25.83,13,0,2.29,IN,1614826746
Whitehorse,60.7161,-135.0538,-4.44,68,75,2.57,CA,1614826746
Guarapari,-20.6667,-40.4975,24.0,88,20,1.54,BR,1614826746
Wanning,18.8003,110.3967,24.77,78,81,3.34,CN,1614826746
Rolla,37.9514,-91.7713,7.22,53,1,2.06,US,1614826746
Codrington,-38.2667,141.9667,17.0,71,100,6.5,AU,1614826746
Teeli,51.0333,90.2333,-9.46,44,0,1.03,RU,1614826747
Gizo Government Station,-8.103,156.8419,29.63,73,100,7.35,SB,1614826747
Paamiut,61.994,-49.6678,5.07,53,100,5.25,GL,1614826747
Jacqueville,5.2052,-4.4146,28.0,94,20,4.12,CI,1614826747
Pangnirtung,66.1451,-65.7125,-12.44,86,100,0.55,CA,1614826747
Zhaotong,27.3167,103.7167,9.24,67,96,2.31,CN,1614826747
Portales,34.1862,-103.3344,13.89,11,1,3.09,US,1614826681
Seymchan,62.8833,152.4333,-30.44,82,100,6.27,RU,1614826748
Honningsvåg,70.9821,25.9704,-2.41,92,100,12.89,NO,1614826748
Námestovo,49.4079,19.4803,1.67,88,58,2.24,SK,1614826725
Iqaluit,63.7506,-68.5145,-20.0,77,90,11.83,CA,1614826475
Porto Walter,-8.2686,-72.7439,22.34,97,100,1.09,BR,1614826748
Kununurra,-15.7667,128.7333,35.0,31,5,1.54,AU,1614826677
Osakarovka,50.565,72.5692,-8.69,94,100,9.02,KZ,1614826749
Araouane,18.9048,-3.5265,22.93,11,91,5.91,ML,1614826749
Herat Province,34.5,62.0,4.0,60,0,1.03,AF,1614826749
Masallātah,32.6167,14.0,10.95,85,42,6.38,LY,1614826749
Naze,28.3667,129.4833,21.0,60,75,6.17,JP,1614826749
Avilés,43.5547,-5.9248,9.0,87,0,2.06,ES,1614826491
Russell,32.3502,-85.1999,14.0,81,1,2.24,US,1614826750
Palmer,42.1584,-72.3287,5.0,48,75,3.6,US,1614826750
Broken Hill,-31.95,141.4333,23.0,25,0,5.66,AU,1614826750
Barra de Tecoanapa,16.5167,-98.75,23.9,77,82,1.04,MX,1614826750
Xicoténcatl,23.0167,-98.8833,20.56,75,0,3.13,MX,1614826750
Umluj,25.0213,37.2685,19.09,60,0,5.23,SA,1614826750
Teguise,29.0605,-13.564,15.0,82,20,2.57,ES,1614826735
Stromness,58.965,-3.296,4.0,70,90,8.23,GB,1614826751
Diego de Almagro,-26.3667,-70.05,14.81,64,0,0.52,CL,1614826751
Sri Aman,1.2376,111.4621,28.0,83,20,2.06,MY,1614826752
Luanda,-8.8368,13.2343,26.0,89,75,2.06,AO,1614826752
Shingū,33.7333,135.9833,15.0,47,40,3.6,JP,1614826752
Wau,7.7029,27.9953,22.42,16,12,2.72,SS,1614826752
Rockport,28.0206,-97.0544,15.0,77,1,4.12,US,1614826752
Itoman,26.1247,127.6694,22.0,64,75,6.69,JP,1614826752
Fenyi,27.8112,114.6681,15.48,67,46,0.45,CN,1614826753
Hammerfest,70.6634,23.6821,-4.0,86,75,6.69,NO,1614826753
Chirilagua,13.2203,-88.1386,22.2,81,22,1.39,SV,1614826753
Fort Nelson,58.8053,-122.7002,-12.0,72,75,3.09,CA,1614826753
Abu Kamal,34.4506,40.9171,14.22,57,0,7.09,SY,1614826613
Cururupu,-1.8283,-44.8683,23.11,96,7,1.16,BR,1614826754
Boralday,43.3578,76.8594,-1.0,93,75,2.0,KZ,1614826754
Luwuk,-0.9516,122.7875,26.67,79,100,1.47,ID,1614826754
Nioro,13.35,-15.75,23.28,23,0,1.28,GM,1614826614
La Cruz,23.9167,-106.9,16.11,90,88,1.61,MX,1614826754
Iporá,-16.4419,-51.1178,20.79,95,99,0.9,BR,1614826754
Yelizovo,53.1873,158.3805,-9.0,53,75,7.0,RU,1614826754
Shatalovo,54.334,32.4465,-1.03,86,36,6.0,RU,1614826755
Kalisz,51.7611,18.091,5.0,78,93,1.34,PL,1614826755
Eureka,40.8021,-124.1637,8.33,81,81,0.58,US,1614826473
Sabaudia,41.3003,13.0282,7.78,84,1,2.24,IT,1614826755
Katherine,-14.4667,132.2667,33.0,58,66,5.14,AU,1614826755
Arkansas City,37.062,-97.0384,14.0,32,1,2.06,US,1614826755
Bocas del Toro,9.3333,-82.25,17.78,65,100,0.89,PA,1614826755
Margate,51.3813,1.3862,7.22,91,100,0.89,GB,1614826485
Ialibu,-6.2821,143.9935,19.16,82,100,2.32,PG,1614826756
Sorong,-0.8833,131.25,28.76,70,0,2.15,ID,1614826756
Itapetinga,-15.2489,-40.2478,18.41,94,0,0.31,BR,1614826756
Seara,41.1818,-7.8003,11.67,91,100,1.45,PT,1614826756
Richards Bay,-28.783,32.0377,19.73,91,0,1.5,ZA,1614826757
Delījān,33.9905,50.6838,6.27,58,0,0.99,IR,1614826757
Araçuaí,-16.8497,-42.0703,19.9,88,39,0.59,BR,1614826757
Pringsewu,-5.3582,104.9744,28.17,69,86,0.71,ID,1614826757
Constantine,36.365,6.6147,8.0,71,40,3.09,DZ,1614826758
Östersund,63.1792,14.6357,-3.0,80,99,6.17,SE,1614826698
Tura,25.5198,90.2201,25.13,19,0,1.88,IN,1614826758
Bereket,39.2446,55.5154,7.06,77,69,1.77,TM,1614826758
Keningau,5.3378,116.1602,30.0,79,20,2.06,MY,1614826759
Taguatinga,-12.3857,-46.5711,22.26,83,97,0.76,BR,1614826759
Andra,62.5147,65.8878,-13.29,96,97,3.05,RU,1614826759
Opuwo,-18.0607,13.84,17.73,55,20,1.65,NA,1614826759
Taganak,6.0833,118.3,26.0,83,40,4.12,PH,1614826759
Comodoro Rivadavia,-45.8667,-67.5,15.0,94,40,1.87,AR,1614826759
Garden City,42.3256,-83.331,5.0,60,1,4.12,US,1614826488
Dali,25.7,100.1833,15.27,38,2,3.18,CN,1614826760
Troitsko-Pechorsk,62.7084,56.1964,-10.63,96,98,2.06,RU,1614826760
Sola,-13.8833,167.55,25.84,90,100,9.78,VU,1614826614
Sotnikovo,51.8845,107.4791,-16.0,51,27,1.0,RU,1614826761
San Cristobal,7.7669,-72.225,25.0,73,40,1.03,VE,1614826761
Myitkyina,25.3833,97.4,25.59,33,66,0.95,MM,1614826761
Caaguazú,-25.45,-56.0167,21.79,96,92,2.83,PY,1614826761
Banjarmasin,-3.3244,114.591,30.0,70,40,1.03,ID,1614826761
Chilca,-12.5211,-76.7372,25.56,83,0,3.09,PE,1614826762
Colquiri,-17.4167,-67.1333,3.86,98,52,2.9,BO,1614826762
Finschhafen,-6.6024,147.8681,31.54,64,72,7.58,PG,1614826762
Kitimat,54.0524,-128.6534,0.0,100,90,1.03,CA,1614826762
Katsuura,35.1333,140.3,13.33,58,75,5.14,JP,1614826762
Sayyan,15.1718,44.3244,11.3,57,0,1.51,YE,1614826510
Zhirnovsk,50.9845,44.7735,-4.24,98,89,6.27,RU,1614826763
Wenling,28.3669,121.36,18.89,79,62,1.32,CN,1614826763
Esperance,-33.8667,121.9,19.0,88,90,6.17,AU,1614826763
Gorontalo,0.5412,123.0595,31.27,58,92,1.59,ID,1614826488
Kiama,-34.6833,150.8667,26.67,65,24,4.02,AU,1614826559
Quebo,11.3333,-14.9333,19.66,89,0,1.05,GW,1614826763
Bāneh,35.9975,45.8853,1.47,84,28,0.73,IR,1614826763
Luzhou,28.8724,105.4405,15.84,50,76,0.97,CN,1614826763
Sankt Jakob,46.5478,14.0572,2.22,86,0,1.54,AT,1614826764
Mmathubudukwane,-24.6,26.4333,18.0,94,0,1.03,BW,1614826764
Sept-Îles,50.2001,-66.3821,-11.67,56,75,5.14,CA,1614826562
Key West,24.5557,-81.7826,23.0,88,90,6.17,US,1614826621
Coos Bay,43.3665,-124.2179,8.33,76,90,1.54,US,1614826764
Raudeberg,61.9875,5.1352,0.56,86,98,10.13,NO,1614826764
Lufilufi,-13.8745,-171.5986,33.0,66,75,5.14,WS,1614826765
Bubaque,11.2833,-15.8333,25.22,70,0,3.22,GW,1614826467
Sioux Lookout,50.1001,-91.917,-10.0,73,20,1.03,CA,1614826765
Jalu,29.0331,21.5482,8.68,65,0,2.79,LY,1614826765
Nova Olímpia,-14.7972,-57.2881,21.95,96,95,2.0,BR,1614826765
Nālūt,30.3333,10.85,13.03,44,73,11.13,LY,1614826766
Province of Mantua,45.1667,10.7833,3.89,87,83,2.06,IT,1614826766
Padang,-0.9492,100.3543,29.0,74,20,1.03,ID,1614826766
Miyako,39.6367,141.9525,7.64,58,25,6.86,JP,1614826685
Den Helder,52.9599,4.7593,4.0,87,90,2.06,NL,1614826763
Sawtell,-30.3833,153.1,23.33,64,90,2.06,AU,1614826766
Charters Towers,-20.1,146.2667,31.8,44,100,8.26,AU,1614826641
Rocha,-34.4833,-54.3333,20.54,92,90,3.6,UY,1614826767
Mopti,14.6667,-4.0,25.78,19,31,5.09,ML,1614826683
Huilong,31.8111,121.655,12.22,83,100,2.68,CN,1614826767
Doka,13.5167,35.7667,21.62,49,0,6.66,SD,1614826767
Mastic Beach,40.7668,-72.8521,5.56,65,90,2.06,US,1614826767
Mwene-Ditu,-7.0,23.45,18.72,97,100,0.92,CD,1614826767
Kimbe,-5.5502,150.1429,27.7,82,100,6.23,PG,1614826768
Elko,41.0002,-115.5012,9.0,31,1,3.6,US,1614826768
Grindavik,63.8424,-22.4338,3.0,100,75,8.75,IS,1614826768
Yenagoa,4.9247,6.2642,25.57,92,100,1.39,NG,1614826768
Puerto Maldonado,-12.6,-69.1833,23.23,94,95,0.9,PE,1614826546
Huarmey,-10.0681,-78.1522,22.71,78,71,2.86,PE,1614826769
Kumul,42.8,93.45,5.93,56,43,4.96,CN,1614826769
Ahipara,-35.1667,173.1667,21.52,67,5,4.42,NZ,1614826544
Leshukonskoye,64.8989,45.7622,-17.32,97,95,1.88,RU,1614826769
Touros,-5.1989,-35.4608,25.0,88,40,2.06,BR,1614826769
Kutum,14.2,24.6667,12.68,34,91,4.72,SD,1614826769
Harper,4.375,-7.7169,26.16,88,27,3.08,LR,1614826470
Vimperk,49.0586,13.7829,2.78,60,78,4.02,CZ,1614826770
Imbituba,-28.24,-48.6703,23.0,88,75,3.09,BR,1614826770
Bourail,-21.5667,165.4833,26.0,72,100,1.3,NC,1614826770
Shimoda,34.6667,138.95,12.0,66,75,6.17,JP,1614826770
Zyryanka,65.75,150.85,-31.33,84,100,11.71,RU,1614826770
Erfurt,50.9833,11.0333,6.0,75,0,2.06,DE,1614826770
São José da Coroa Grande,-8.8978,-35.1478,25.09,86,8,3.66,BR,1614826770
Seoul,37.5683,126.9778,9.0,53,90,2.57,KR,1614826321
Sibolga,1.7427,98.7792,30.82,57,36,0.93,ID,1614826771
Paita,-5.0892,-81.1144,24.25,73,79,3.71,PE,1614826771
Marratxí,39.6421,2.7539,12.0,94,40,2.6,ES,1614826771
Lorengau,-2.0226,147.2712,28.34,78,67,6.19,PG,1614826771
San Rafael,-34.6177,-68.3301,26.12,41,0,3.56,AR,1614826772
Krasnyy Chikoy,50.3643,108.7512,-13.35,80,37,4.22,RU,1614826491
Zhezkazgan,47.8043,67.7144,-7.0,86,90,3.0,KZ,1614826772
Namatanai,-3.6667,152.4333,28.55,69,67,3.26,PG,1614826772
Liwale,-9.7667,37.9333,20.54,98,100,2.15,TZ,1614826772
Walvis Bay,-22.9575,14.5053,21.62,65,0,3.84,NA,1614826772
Hay River,60.8156,-115.7999,-22.0,84,72,1.03,CA,1614826772
Narsaq,60.9167,-46.05,8.0,34,75,20.06,GL,1614826773
Pisco,-13.7,-76.2167,24.0,73,75,6.69,PE,1614826773
Mareeba,-17.0,145.4333,32.22,58,96,4.63,AU,1614826773
Uglegorskiy,48.2427,41.2531,-1.48,93,0,5.06,RU,1614826773
Boone,39.0334,-92.3335,14.0,26,1,0.51,US,1614826774
Astoria,46.1879,-123.8313,6.67,75,90,2.57,US,1614826774
Puerto Armuelles,8.2833,-82.8667,26.67,87,13,1.89,PA,1614826774
Mariehamn,60.0973,19.9348,1.0,69,75,4.63,AX,1614826774
Edd,13.9297,41.6925,27.2,43,0,5.16,ER,1614826774
Calabozo,8.9242,-67.4293,25.6,44,13,3.64,VE,1614826774
Trat,12.5,102.5,33.33,79,20,1.03,TH,1614826774
Avera,33.194,-82.5271,8.0,66,1,1.21,US,1614826545
Isangel,-19.55,169.2667,27.31,80,92,5.93,VU,1614826675
São Mateus do Sul,-25.8742,-50.3828,18.06,98,100,0.88,BR,1614826775
Henties Bay,-22.116,14.2845,20.62,73,0,2.69,NA,1614826775
Port Hawkesbury,45.6169,-61.3485,-2.0,50,75,10.29,CA,1614826775
Wamba,8.9333,8.6,24.59,18,4,1.55,NG,1614826775
Annau,37.8876,58.516,10.0,62,75,3.09,TM,1614826775
Nizwá,22.9333,57.5333,20.09,40,0,0.77,OM,1614826776
Tessalit,20.1986,1.0114,19.45,22,90,4.64,ML,1614826776
Ormara,25.2088,64.6357,23.87,71,0,1.92,PK,1614826776
Dickinson,29.4608,-95.0513,12.78,71,1,3.6,US,1614826777
Barstow,34.8986,-117.0228,12.0,40,75,9.77,US,1614826652
Makkah al Mukarramah,21.4267,39.8261,19.88,70,27,2.4,SA,1614826777
Taree,-31.9,152.4667,25.56,57,75,3.09,AU,1614826777
Wanganui,-39.9333,175.05,20.0,67,59,6.71,NZ,1614826777
Ryōtsu-minato,38.0833,138.4333,12.0,47,40,2.57,JP,1614826777
Peniche,39.3558,-9.3811,15.0,89,100,3.15,PT,1614826761
Sampit,-2.5333,112.95,33.96,51,46,0.31,ID,1614826778
Los Llanos de Aridane,28.6585,-17.9182,17.0,63,0,4.12,ES,1614826778
Minbu,20.1833,94.8833,28.23,32,0,0.93,MM,1614826778
Vrangel',42.7297,133.0839,3.52,82,2,3.04,RU,1614826778
Te Anau,-45.4167,167.7167,15.25,45,39,4.5,NZ,1614826778
Bartlesville,36.7473,-95.9808,8.0,49,1,3.22,US,1614826666
Aksarka,66.5606,67.7975,-16.01,94,97,2.2,RU,1614826779
Oakdale,44.963,-92.9649,4.0,56,90,1.35,US,1614826779
Itanhém,-17.1664,-40.33,19.82,90,89,1.7,BR,1614826779
Piaçabuçu,-10.4056,-36.4344,25.01,82,5,2.89,BR,1614826779
Renqiu,38.6989,116.0936,11.98,54,0,1.65,CN,1614826780
Bara,10.3744,10.7288,23.81,18,1,4.52,NG,1614826780
Troitskoye,52.9821,84.6757,-11.46,95,96,3.88,RU,1614826780
Calderitas,18.55,-88.25,26.0,73,1,4.12,MX,1614826780
Calatayud,41.3535,-1.6432,8.0,100,75,2.57,ES,1614826781
Mayo,38.8876,-76.5119,6.11,65,1,3.97,US,1614826781
Skibbereen,51.55,-9.2667,3.0,93,90,3.09,IE,1614826781
Stepnogorsk,52.3544,71.8869,-4.25,96,100,10.73,KZ,1614826781
Kavaratti,10.5669,72.642,27.56,66,0,1.03,IN,1614826782
Srednekolymsk,67.45,153.6833,-30.65,86,100,7.97,RU,1614826782
Saint-Pierre,-21.3393,55.4781,26.0,65,0,1.54,RE,1614826782
Daru,-9.0763,143.2092,30.76,62,100,5.87,PG,1614826782
Yumen,40.2833,97.2,4.58,54,67,6.02,CN,1614826782
Inhambane,-23.865,35.3833,23.15,94,20,3.17,MZ,1614826783
Olafsvik,64.8945,-23.7142,4.78,91,100,7.7,IS,1614826783
Kupino,54.3663,77.2981,-4.86,97,100,8.91,RU,1614826783
Burns Lake,54.2331,-125.7533,5.0,48,74,2.06,CA,1614826783
Lensk,60.7253,114.9278,-29.88,81,43,3.58,RU,1614826783
Launceston,-41.45,147.1667,25.56,33,75,5.14,AU,1614826784
Kilindoni,-7.9139,39.6668,27.41,77,100,6.51,TZ,1614826784
Jaguaribe,-5.8906,-38.6219,24.42,85,77,2.07,BR,1614826784
Songkhla,6.8333,100.6667,30.0,70,40,5.14,TH,1614826785
Yangambi,0.8102,24.4336,22.13,83,100,0.69,CD,1614826785
Sasovo,54.3537,41.9199,-1.28,97,100,7.31,RU,1614826785
Malanje,-9.5402,16.341,18.5,96,100,0.78,AO,1614826785
Itarema,-2.9248,-39.9167,25.72,82,46,4.23,BR,1614826786
Flin Flon,54.7682,-101.865,-5.98,97,80,1.56,CA,1614826786
Waingapu,-9.6567,120.2641,30.04,62,100,2.99,ID,1614826786
Ketchikan,55.3422,-131.6461,3.0,100,90,5.14,US,1614826786
Praia,14.9215,-23.5087,21.0,73,0,6.17,CV,1614826489
Roebourne,-20.7833,117.1333,29.8,50,7,1.6,AU,1614826786
Abashiri,44.0213,144.2697,2.0,48,0,8.23,JP,1614826786
San Vicente,-26.6167,-54.1333,19.12,100,100,1.59,AR,1614826787
Matadi,-5.8167,13.45,25.05,91,99,1.69,CD,1614826787
Axum,14.1245,38.7244,11.53,58,0,2.18,ET,1614826787
Putnok,48.3,20.4333,3.85,77,46,1.77,HU,1614826787
Nosy Varika,-20.5833,48.5333,24.11,84,93,2.0,MG,1614826788
Birao,10.2849,22.7882,23.46,18,69,5.32,CF,1614826788
São João da Barra,-21.6403,-41.0511,24.55,90,100,5.99,BR,1614826567
Manacapuru,-3.2997,-60.6206,22.0,100,20,1.03,BR,1614826788
Nettuno,41.4826,12.679,9.44,81,0,1.03,IT,1614826789
Caceres,39.522,-6.3748,10.0,86,83,0.45,ES,1614826789
San Bartolomé de Tirajana,27.9248,-15.5733,16.0,72,20,5.14,ES,1614826789
Kismayo,-0.3582,42.5454,25.51,79,14,7.14,SO,1614826789
Progreso,21.2833,-89.6667,25.0,84,52,6.08,MX,1614826789
Riyadh,24.6877,46.7219,18.0,32,0,2.57,SA,1614826692
College,64.8569,-147.8028,-17.0,71,75,1.54,US,1614826790
Sakakah,29.9697,40.2064,13.0,41,0,6.17,SA,1614826790
Águia Branca,-18.9831,-40.7403,20.03,97,18,0.41,BR,1614826790
Nokaneng,-19.6667,22.2667,18.59,68,2,1.59,BW,1614826790
Port Lincoln,-34.7333,135.8667,19.19,58,1,5.54,AU,1614826790
Weligama,5.9667,80.4167,26.43,64,8,4.81,LK,1614826632
Coahuayana Viejo,18.7333,-103.6833,20.75,78,0,0.95,MX,1614826612
Santa Rosa,14.3122,121.1114,30.56,66,40,4.63,PH,1614826791
Acaraú,-2.8856,-40.12,25.86,84,69,4.51,BR,1614826791
Khāsh,28.2211,61.2158,11.93,59,0,0.48,IR,1614826699
Khovu-Aksy,51.1333,93.6,-8.8,93,90,0.41,RU,1614826791
Tabas,33.5959,56.9244,11.83,42,0,0.83,IR,1614826791
Leningradskiy,69.3833,178.4167,-24.07,86,100,9.89,RU,1614826791
Diu,20.7141,70.9822,25.47,24,0,2.36,IN,1614826792
Kieta,-6.2167,155.6333,28.74,69,65,5.36,PG,1614826792
Mozarlândia,-14.7447,-50.5706,22.13,92,95,1.2,BR,1614826792
Vryburg,-26.9566,24.7284,17.13,56,0,1.81,ZA,1614826792
Aksu,41.1231,80.2644,6.16,44,25,1.17,CN,1614826792
Rome,43.2128,-75.4557,2.22,69,90,2.06,US,1614826793
Khovd,48.0056,91.6419,-6.55,59,0,2.44,MN,1614826793
Hirado,33.3597,129.5531,12.0,62,75,7.72,JP,1614826793
Kushiro,42.975,144.3747,-2.0,74,40,3.6,JP,1614826793
Sulangan,11.1373,123.7228,27.5,76,100,4.66,PH,1614826793
Charleston,32.7766,-79.9309,11.67,87,90,1.6,US,1614826793
Shahrud,36.4182,54.9763,4.7,68,0,4.51,IR,1614826522
Ovalle,-30.5983,-71.2003,16.08,80,0,0.11,CL,1614826495
Santa María del Oro,25.9333,-105.3667,18.07,27,100,0.67,MX,1614826794
Departamento de Maldonado,-34.6667,-54.9167,22.22,88,75,6.17,UY,1614826794
Saint George,37.1041,-113.5841,17.0,12,40,6.69,US,1614826794
Panalingaan,8.7842,117.4231,29.99,51,33,1.49,PH,1614826794
Rosignol,6.2833,-57.5333,24.08,90,100,3.6,GY,1614826794
Sibay,52.7181,58.6658,-10.67,93,3,4.64,RU,1614826794
Teya,60.3778,92.6267,-20.96,86,100,2.24,RU,1614826570
Dakoro,14.5106,6.765,22.62,10,0,6.35,NE,1614826795
Velsk,61.0701,42.0983,-5.74,97,100,3.8,RU,1614826795
Vizinga,61.0749,50.1031,-13.74,95,88,1.63,RU,1614826795
Baykit,61.67,96.37,-27.53,82,100,1.74,RU,1614826601
Buchanan,5.8808,-10.0467,25.0,94,40,3.25,LR,1614826795
Novozavedennoye,44.2628,43.6381,-2.0,80,0,4.0,RU,1614826795
Kampong Thom,12.7111,104.8887,32.12,47,0,1.2,KH,1614826796
Sangar,63.9242,127.4739,-33.56,94,100,3.13,RU,1614826796
Pochutla,15.7432,-96.4661,25.56,78,57,0.45,MX,1614826796
San Fernando,15.0286,120.6898,30.0,58,75,2.06,PH,1614826796
Ouadda,8.0777,22.4007,23.22,20,2,3.12,CF,1614826797
Maragogi,-9.0122,-35.2225,24.94,86,7,3.46,BR,1614826797
Kirakira,-10.4544,161.9205,26.99,84,99,6.72,SB,1614826797
Kuzedeyevo,53.3308,87.2019,-9.21,88,31,1.57,RU,1614826797
Iquique,-20.2208,-70.1431,23.0,64,0,5.66,CL,1614826438
Mihai Bravu,44.1406,26.0628,6.67,77,0,2.18,RO,1614826797
Coyhaique,-45.5752,-72.0662,13.0,76,20,1.54,CL,1614826651
Nsanje,-16.92,35.262,22.23,95,98,0.77,MW,1614826700
Emerald,-23.5333,148.1667,33.0,40,40,5.14,AU,1614826798
Irondequoit,43.2134,-77.5797,3.89,75,75,4.12,US,1614826798
Muisne,0.6,-80.0333,25.05,82,100,1.12,EC,1614826798
Fairbanks,64.8378,-147.7164,-16.67,71,75,1.24,US,1614826458
Province of Groningen,53.25,6.75,3.33,93,90,3.09,NL,1614826746
Aborlan,9.4352,118.5492,31.0,70,20,4.12,PH,1614826799
Pontianak,-0.0333,109.3333,27.0,83,40,1.54,ID,1614826799
Manosque,43.8288,5.7869,7.0,93,71,0.98,FR,1614826799
Khandyga,62.6667,135.6,-26.8,84,100,1.24,RU,1614826800
Panguipulli,-39.6333,-72.3333,17.0,72,0,1.54,CL,1614826800
Bismarck,46.8083,-100.7837,7.0,57,1,4.63,US,1614826622
Tādepallegūdem,16.8333,81.5,26.0,73,0,2.06,IN,1614826800
Tual,-5.6667,132.75,28.34,73,100,7.61,ID,1614826801
Nadym,65.5333,72.5167,-14.47,95,95,4.86,RU,1614826513
Belovo,54.4165,86.2976,-10.51,92,100,5.11,RU,1614826803
